{"stats":{"minecraft:mined":{"minecraft:spruce_planks":5,"minecraft:grass_block":2,"minecraft:spruce_leaves":10,"minecraft:furnace":4,"treechop:chopped_log":7,"minecraft:stone":18,"immersive_weathering:cryosol":1,"immersive_weathering:spruce_leaf_pile":1,"minecraft:spruce_door":2,"minecraft:powder_snow":4,"minecraft:crafting_table":6,"minecraft:tall_grass":2,"minecraft:wall_torch":1,"minecraft:blue_bed":8,"minecraft:spruce_log":1,"minecraft:grass":5,"minecraft:coal_ore":8,"minecraft:dirt":7},"minecraft:crafted":{"minecraft:furnace":1,"minecraft:stone_pickaxe":1,"quark:spruce_chest":1,"minecraft:cooked_beef":6,"sophisticatedbackpacks:backpack":1,"minecraft:wooden_pickaxe":1,"minecraft:spruce_door":3,"minecraft:stone_axe":1,"minecraft:air":218,"minecraft:stick":8,"aquamirae:terrible_chestplate":1},"minecraft:custom":{"lootr:looted_stat":16,"minecraft:mob_kills":58,"minecraft:interact_with_crafting_table":25,"minecraft:open_barrel":5,"minecraft:damage_dealt_resisted":174,"minecraft:leave_game":5,"minecraft:time_since_death":1709,"minecraft:climb_one_cm":5261,"minecraft:sprint_one_cm":815211,"champions:champion_mobs_killed":34,"minecraft:walk_one_cm":1210509,"minecraft:damage_blocked_by_shield":460,"minecraft:drop":23,"minecraft:damage_dealt_absorbed":2249,"minecraft:play_time":146041,"minecraft:deaths":19,"minecraft:sneak_time":217,"minecraft:walk_under_water_one_cm":24980,"minecraft:boat_one_cm":24264,"minecraft:jump":1807,"minecraft:walk_on_water_one_cm":12652,"minecraft:total_world_time":146041,"minecraft:interact_with_furnace":10,"minecraft:sleep_in_bed":2,"minecraft:time_since_rest":1742,"minecraft:waystone_activated":2,"minecraft:damage_taken":6387,"minecraft:damage_absorbed":53,"minecraft:damage_dealt":14233,"minecraft:swim_one_cm":11088,"minecraft:fly_one_cm":621426,"minecraft:open_chest":14,"minecraft:crouch_one_cm":1763,"minecraft:fall_one_cm":43020},"minecraft:picked_up":{"minecraft:crafting_table":6,"minecraft:iron_chestplate":1,"minecraft:chicken":2,"untamedwilds:flora_canola":1,"minecraft:enchanted_book":3,"minecraft:golden_shovel":1,"minecraft:shield":2,"minecraft:string":3,"minecraft:red_bed":1,"minecraft:spruce_planks":7,"minecraft:beef":8,"minecraft:spruce_slab":7,"minecraft:sugar_cane":2,"bloodandmadness:pure_quicksilver":3,"minecraft:furnace":4,"minecraft:stick":15,"minecraft:torch":1,"sophisticatedbackpacks:backpack":1,"quark:blossom_log":11,"aquamirae:esca":3,"bloodandmadness:beastblood_clump":1,"hexerei:sage_seed":2,"minecraft:arrow":8,"minecraft:rotten_flesh":11,"minecraft:golden_hoe":2,"minecraft:snowball":17,"minecraft:cod":2,"minecraft:cobblestone":19,"minecraft:feather":1,"orcz:orcteeth":2,"minecraft:andesite":1,"minecraft:leather":16,"minecraft:filled_map":2,"paraglider:spirit_orb":1,"minecraft:crimson_fungus":31,"minecraft:tuff":2,"minecraft:lily_pad":3,"minecraft:gunpowder":2,"minecraft:blue_bed":9,"minecraft:dirt":28,"aquamirae:fin":5,"untamedwilds:flora_junegrass":4,"minecraft:leather_boots":1,"minecraft:bone":8,"minecraft:apple":2,"untamedwilds:material_fat":8,"minecraft:wheat_seeds":1,"minecraft:stone_pickaxe":1,"hexerei:animal_fat":1,"irons_spellbooks:frozen_bone":2,"aquamirae:ship_graveyard_echo":1,"aquamirae:anglers_fang":2,"minecraft:gravel":1,"minecraft:spruce_sapling":13,"minecraft:spruce_log":52,"minecraft:spruce_door":2,"minecraft:spider_eye":1,"minecraft:emerald":1,"orcz:ironscrap":2,"minecraft:coal":8},"minecraft:used":{"minecraft:spruce_planks":13,"minecraft:shield":4,"minecraft:torch":1,"minecraft:dirt":24,"minecraft:spyglass":107,"minecraft:snowball":2,"quark:spruce_chest":6,"minecraft:iron_boots":1,"minecraft:furnace":5,"untamedwilds:material_fat":8,"minecraft:cooked_beef":25,"minecraft:spruce_door":5,"minecraft:stone_pickaxe":3,"farmersdelight:golden_knife":3,"minecraft:wooden_pickaxe":27,"minecraft:blue_bed":8,"minecraft:crafting_table":7,"minecraft:apple":8,"minecraft:chicken":2,"minecraft:bread":6,"minecraft:spruce_sapling":13,"minecraft:stone_axe":62,"epicfight:uchigatana":250,"minecraft:experience_bottle":1},"minecraft:dropped":{"minecraft:feather":1,"minecraft:leather":4,"minecraft:dirt":1,"minecraft:golden_hoe":1,"minecraft:blue_bed":1,"minecraft:bone":1,"minecraft:snow_block":3,"minecraft:gravel":1,"hexerei:sage_seed":2,"minecraft:tuff":2,"minecraft:rotten_flesh":6,"minecraft:filled_map":2,"minecraft:shield":1,"minecraft:spruce_planks":68,"minecraft:andesite":1,"minecraft:spruce_slab":7,"minecraft:arrow":21,"untamedwilds:flora_junegrass":2},"minecraft:killed":{"minecraft:witch":1,"monsterplus:swamp_zombie":1,"simple_mobs:hobgob":1,"simple_mobs:rat_small":3,"minecraft:spider":1,"orcz:orcshieldiron":1,"mowziesmobs:frostmaw":1,"creeperoverhaul:snowy_creeper":1,"hunterillager:hunterillager":1,"bloodandmadness:brainsucker":1,"goblinsanddungeons:garch":3,"minecraft:chicken":1,"restored_earth:bouldering_zombie":1,"bloodandmadness:silverbeast":1,"simple_mobs:gobber":4,"simple_mobs:goom":1,"majruszsdifficulty:cursed_armor":1,"lilwings:swamp_hopper_butterfly":1,"bloodandmadness:church_doctor_pistol":1,"minecraft:polar_bear":1,"minecraft:zombie":1,"aquamirae:anglerfish":5,"minecraft:stray":1,"untamedwilds:bison":4,"simple_mobs:gob":2,"simple_mobs:goblo":2,"orcz:orcsavage_2sword":1,"minecraft:cow":2},"minecraft:killed_by":{"orcz:orcirongroupleader":3,"untamedwilds:bison":1,"orcz:orcsavagegroupleader":2,"simple_mobs:goom":1,"aquamirae:anglerfish":3,"monsterplus:swamp_zombie":1,"minecraft:vindicator":2,"simple_mobs:gob":1,"majruszsdifficulty:cursed_armor":2,"mowziesmobs:frostmaw":1,"bloodandmadness:silverbeast":1},"minecraft:broken":{"minecraft:chainmail_helmet":1}},"DataVersion":2975}