{"stats":{"minecraft:killed":{"minecraft:witch":1,"monsterplus:swamp_zombie":1,"simple_mobs:gobber":4,"simple_mobs:hobgob":1,"simple_mobs:rat_small":3,"simple_mobs:goom":1,"lilwings:swamp_hopper_butterfly":1,"minecraft:polar_bear":1,"creeperoverhaul:snowy_creeper":1,"hunterillager:hunterillager":1,"minecraft:zombie":1,"minecraft:chicken":1,"goblinsanddungeons:garch":3,"aquamirae:anglerfish":5,"minecraft:stray":1,"simple_mobs:gob":2,"simple_mobs:goblo":2,"restored_earth:bouldering_zombie":1,"minecraft:cow":2},"minecraft:used":{"minecraft:stone_pickaxe":2,"minecraft:spruce_planks":13,"minecraft:wooden_pickaxe":27,"minecraft:blue_bed":8,"minecraft:torch":1,"minecraft:spyglass":107,"minecraft:dirt":15,"minecraft:crafting_table":6,"minecraft:snowball":2,"minecraft:apple":8,"minecraft:bread":6,"minecraft:iron_boots":1,"minecraft:spruce_sapling":8,"minecraft:stone_axe":36,"minecraft:furnace":4,"minecraft:cooked_beef":21,"epicfight:uchigatana":121,"minecraft:experience_bottle":1},"minecraft:custom":{"minecraft:interact_with_furnace":7,"lootr:looted_stat":15,"minecraft:mob_kills":35,"minecraft:interact_with_crafting_table":16,"minecraft:open_barrel":5,"minecraft:leave_game":1,"minecraft:time_since_death":32155,"minecraft:sleep_in_bed":2,"minecraft:climb_one_cm":2693,"minecraft:time_since_rest":9543,"minecraft:waystone_activated":1,"champions:champion_mobs_killed":28,"minecraft:sprint_one_cm":539971,"minecraft:walk_one_cm":727929,"minecraft:damage_taken":3650,"minecraft:damage_absorbed":33,"minecraft:drop":16,"minecraft:damage_dealt":6844,"minecraft:damage_dealt_absorbed":787,"minecraft:swim_one_cm":9827,"minecraft:fly_one_cm":445134,"minecraft:open_chest":3,"minecraft:crouch_one_cm":1763,"minecraft:play_time":98876,"minecraft:deaths":8,"minecraft:sneak_time":184,"minecraft:walk_under_water_one_cm":22150,"minecraft:boat_one_cm":24264,"minecraft:jump":1266,"minecraft:walk_on_water_one_cm":7202,"minecraft:total_world_time":98876,"minecraft:fall_one_cm":34943},"minecraft:mined":{"immersive_weathering:cryosol":1,"minecraft:spruce_planks":5,"immersive_weathering:spruce_leaf_pile":1,"minecraft:powder_snow":4,"minecraft:crafting_table":5,"minecraft:grass_block":2,"minecraft:spruce_leaves":6,"minecraft:wall_torch":1,"minecraft:blue_bed":8,"minecraft:furnace":3,"minecraft:spruce_log":1,"treechop:chopped_log":5,"minecraft:grass":5,"minecraft:coal_ore":8,"minecraft:dirt":7,"minecraft:stone":18},"minecraft:picked_up":{"minecraft:crafting_table":5,"minecraft:feather":1,"minecraft:chicken":2,"minecraft:leather":4,"minecraft:filled_map":2,"untamedwilds:flora_canola":1,"minecraft:enchanted_book":1,"paraglider:spirit_orb":1,"minecraft:shield":2,"minecraft:gunpowder":2,"minecraft:string":2,"minecraft:dirt":19,"minecraft:blue_bed":9,"aquamirae:fin":5,"minecraft:leather_boots":1,"minecraft:bone":1,"minecraft:apple":2,"minecraft:wheat_seeds":1,"minecraft:spruce_planks":6,"minecraft:beef":6,"minecraft:sugar_cane":2,"minecraft:furnace":3,"hexerei:animal_fat":1,"minecraft:stick":10,"irons_spellbooks:frozen_bone":2,"minecraft:torch":1,"minecraft:gravel":1,"aquamirae:anglers_fang":2,"minecraft:spruce_sapling":8,"minecraft:spruce_log":24,"aquamirae:esca":3,"hexerei:sage_seed":2,"minecraft:arrow":8,"minecraft:rotten_flesh":6,"minecraft:emerald":1,"minecraft:snowball":15,"minecraft:cod":2,"minecraft:coal":8,"minecraft:cobblestone":18},"minecraft:dropped":{"minecraft:snow_block":3,"minecraft:gravel":1,"hexerei:sage_seed":2,"minecraft:feather":1,"minecraft:rotten_flesh":6,"minecraft:filled_map":2,"minecraft:dirt":1,"minecraft:shield":1,"minecraft:spruce_planks":68,"minecraft:blue_bed":1,"minecraft:bone":1},"minecraft:killed_by":{"monsterplus:swamp_zombie":1,"minecraft:vindicator":2,"simple_mobs:gob":1,"simple_mobs:goom":1,"aquamirae:anglerfish":3},"minecraft:crafted":{"minecraft:cooked_beef":6,"sophisticatedbackpacks:backpack":1,"minecraft:wooden_pickaxe":1,"minecraft:furnace":1,"minecraft:stone_axe":1,"minecraft:air":100,"minecraft:stick":8,"minecraft:stone_pickaxe":1,"quark:spruce_chest":1}},"DataVersion":2975}