{"stats":{"minecraft:mined":{"minecraft:large_amethyst_bud":1,"minecraft:tuff":3,"minecraft:spruce_planks":2,"orcz:palisadedarkoak":4,"minecraft:grass_block":15,"goblinsanddungeons:scoria_bricks":1,"treechop:chopped_log":3,"minecraft:bookshelf":5,"minecraft:dirt_path":1,"minecraft:packed_ice":3,"minecraft:stone":1,"hexerei:flowering_lily_pad":1,"minecraft:red_bed":1,"goblinsanddungeons:scoria_brick_slab":1,"minecraft:chest":2,"minecraft:lectern":1,"supplementaries:sack":1,"minecraft:oak_planks":2,"minecraft:blue_bed":2,"minecraft:deepslate_copper_ore":2,"minecraft:seagrass":1,"create:blaze_burner":1,"minecraft:grass":1,"quark:spruce_chest":1,"minecraft:dirt":17,"minecraft:cracked_stone_bricks":2,"minecraft:mossy_stone_bricks":1,"immersive_weathering:frosty_grass":1},"minecraft:crafted":{"minecraft:cooked_chicken":1,"minecraft:furnace":1,"quark:spruce_chest":2,"minecraft:crafting_table":1,"minecraft:spruce_planks":36,"minecraft:air":251,"minecraft:stick":20},"minecraft:custom":{"lootr:looted_stat":11,"minecraft:mob_kills":39,"minecraft:interact_with_crafting_table":16,"minecraft:open_barrel":6,"minecraft:damage_dealt_resisted":459,"minecraft:leave_game":6,"minecraft:time_since_death":1074,"minecraft:climb_one_cm":6572,"minecraft:sprint_one_cm":560692,"champions:champion_mobs_killed":31,"minecraft:walk_one_cm":1040730,"minecraft:drop":36,"minecraft:damage_dealt_absorbed":1178,"minecraft:play_time":140916,"minecraft:deaths":24,"minecraft:sneak_time":2891,"minecraft:walk_under_water_one_cm":38468,"minecraft:boat_one_cm":83839,"minecraft:jump":2728,"minecraft:walk_on_water_one_cm":19240,"minecraft:total_world_time":140916,"minecraft:interact_with_furnace":3,"minecraft:sleep_in_bed":2,"minecraft:time_since_rest":1099,"minecraft:waystone_activated":2,"minecraft:damage_taken":7411,"minecraft:damage_absorbed":268,"minecraft:damage_dealt":10693,"minecraft:swim_one_cm":14660,"minecraft:fly_one_cm":1129368,"minecraft:open_chest":39,"minecraft:crouch_one_cm":17639,"minecraft:fall_one_cm":48527},"minecraft:picked_up":{"irons_spellbooks:scroll":1,"minecraft:iron_chestplate":1,"minecraft:chicken":3,"minecraft:enchanted_book":3,"minecraft:shield":2,"aquamirae:sharp_bones":38,"minecraft:red_bed":1,"minecraft:raw_copper":8,"minecraft:beetroot":3,"minecraft:cracked_stone_bricks":1,"quark:spruce_chest":1,"minecraft:spruce_planks":3,"minecraft:beef":3,"minecraft:spruce_slab":1,"minecraft:lectern":1,"minecraft:chest":2,"minecraft:golden_helmet":1,"minecraft:stick":6,"apotheosis:gem":1,"minecraft:torch":2,"orcz:palisadedarkoak":2,"aquamirae:esca":4,"minecraft:prismarine_crystals":11,"goblinsanddungeons:goblin_crown":1,"hexerei:sage_seed":2,"minecraft:stone_sword":1,"minecraft:arrow":30,"minecraft:rotten_flesh":15,"minecraft:beetroot_seeds":15,"biomemakeover:raw_toad":1,"minecraft:cobblestone":6,"minecraft:feather":1,"orcz:orcteeth":1,"minecraft:leather":8,"minecraft:brown_wool":4,"paraglider:spirit_orb":1,"minecraft:tuff":3,"simple_mobs:griffin_feather":4,"aquamirae:abyssal_amethyst":5,"minecraft:blue_bed":2,"minecraft:dirt":37,"aquamirae:fin":2,"hexerei:flowering_lily_pad":2,"minecraft:cooked_mutton":2,"simple_mobs:lootbag":1,"minecraft:bone":4,"goblinsanddungeons:scoria_bricks":1,"minecraft:bow":1,"minecraft:wheat_seeds":6,"minecraft:iron_ingot":1,"minecraft:oak_planks":2,"minecraft:book":15,"aquamirae:ship_graveyard_echo":4,"supplementaries:sack":1,"create:empty_blaze_burner":1,"minecraft:spyglass":1,"epicfight:uchigatana":1,"minecraft:spruce_sapling":26,"minecraft:spruce_log":31,"minecraft:crossbow":1,"minecraft:chainmail_helmet":1,"minecraft:emerald":1},"minecraft:used":{"minecraft:beetroot":3,"minecraft:trident":2,"minecraft:spruce_planks":40,"minecraft:dirt":13,"minecraft:spyglass":2,"goblinsanddungeons:scoria_bricks":1,"aquamirae:esca":1,"quark:spruce_chest":9,"immersive_weathering:enchanted_golden_moss_clump":1,"aquamirae:fin":1,"minecraft:furnace":1,"minecraft:cooked_beef":6,"minecraft:cooked_mutton":2,"minecraft:stone_pickaxe":10,"minecraft:wooden_pickaxe":15,"minecraft:blue_bed":2,"minecraft:golden_apple":3,"minecraft:crafting_table":2,"minecraft:crossbow":3,"minecraft:apple":33,"minecraft:bread":19,"minecraft:stone_axe":37,"epicfight:uchigatana":247},"minecraft:killed":{"monsterplus:swamp_zombie":3,"simple_mobs:rat_small":1,"minecraft:vindicator":4,"minecraft:skeleton":1,"goblinsanddungeons:goblin_king":1,"untamedwilds:camel":1,"minecraft:chicken":1,"biomemakeover:toad":1,"orcz:orcsavagemace":1,"simple_mobs:gryphon":1,"biomemakeover:decayed":1,"simple_mobs:gobber":3,"simple_mobs:goom":1,"quest_giver:quest_guard_villager":1,"lilwings:swamp_hopper_butterfly":1,"bloodandmadness:church_doctor_lantern":1,"dannys_expansion:ghoul":1,"minecraft:pillager":1,"minecraft:zombie":3,"aquamirae:anglerfish":2,"orcz:orcirongroupleader":1,"simple_mobs:gob":5,"simple_mobs:goblo":1},"minecraft:dropped":{"minecraft:iron_ingot":2,"aquamirae:ship_graveyard_echo":1,"minecraft:wheat_seeds":5,"minecraft:golden_helmet":1,"minecraft:feather":1,"minecraft:cobblestone":6,"minecraft:leather":8,"minecraft:leather_helmet":2,"minecraft:stick":6,"minecraft:dirt":21,"simple_mobs:griffin_feather":2,"minecraft:spruce_sapling":26,"minecraft:bone":1,"goblinsanddungeons:goblin_crown":1,"minecraft:spyglass":1,"minecraft:tuff":3,"minecraft:chicken":1,"minecraft:rotten_flesh":13,"minecraft:shield":1,"minecraft:spruce_planks":1,"minecraft:iron_chestplate":1,"minecraft:leather_boots":1,"minecraft:spruce_slab":1,"minecraft:beef":1,"aquamirae:sharp_bones":19,"hexerei:flowering_lily_pad":1},"minecraft:killed_by":{"simple_mobs:dark_elemental":1,"orcz:orcirongroupleader":2,"orcz:orcsavagegroupleader":1,"alexsmobs:tusklin":2,"alexsmobs:cachalot_whale":2,"simple_mobs:goom":1,"aquamirae:anglerfish":2,"minecraft:vindicator":2,"simple_mobs:rat_small":1,"simple_mobs:gob":1,"majruszsdifficulty:cursed_armor":3,"mowziesmobs:frostmaw":1,"bloodandmadness:silverbeast":1},"minecraft:broken":{"minecraft:leather_leggings":1,"minecraft:leather_chestplate":1}},"DataVersion":2975}