{"stats":{"minecraft:killed":{"simple_mobs:gryphon":1,"biomemakeover:decayed":1,"monsterplus:swamp_zombie":2,"simple_mobs:gobber":3,"simple_mobs:rat_small":1,"simple_mobs:goom":1,"minecraft:vindicator":4,"quest_giver:quest_guard_villager":1,"lilwings:swamp_hopper_butterfly":1,"dannys_expansion:ghoul":1,"minecraft:skeleton":1,"goblinsanddungeons:goblin_king":1,"minecraft:pillager":1,"minecraft:zombie":1,"aquamirae:anglerfish":1,"minecraft:chicken":1,"simple_mobs:gob":5,"simple_mobs:goblo":1},"minecraft:custom":{"lootr:looted_stat":8,"minecraft:mob_kills":28,"minecraft:interact_with_crafting_table":4,"minecraft:open_barrel":6,"minecraft:leave_game":4,"minecraft:time_since_death":3538,"minecraft:sleep_in_bed":1,"minecraft:climb_one_cm":4682,"minecraft:time_since_rest":3573,"minecraft:waystone_activated":1,"champions:champion_mobs_killed":25,"minecraft:sprint_one_cm":247628,"minecraft:walk_one_cm":425768,"minecraft:damage_taken":3390,"minecraft:damage_absorbed":40,"minecraft:drop":19,"minecraft:damage_dealt":5817,"minecraft:damage_dealt_absorbed":490,"minecraft:swim_one_cm":9149,"minecraft:fly_one_cm":553886,"minecraft:open_chest":4,"minecraft:crouch_one_cm":3794,"minecraft:play_time":62486,"minecraft:deaths":9,"minecraft:sneak_time":517,"minecraft:walk_under_water_one_cm":25731,"minecraft:boat_one_cm":83839,"minecraft:jump":1273,"minecraft:walk_on_water_one_cm":8961,"minecraft:total_world_time":62486,"minecraft:fall_one_cm":18904},"minecraft:used":{"minecraft:beetroot":3,"minecraft:spruce_planks":1,"minecraft:wooden_pickaxe":8,"minecraft:blue_bed":2,"minecraft:golden_apple":1,"minecraft:dirt":11,"minecraft:spyglass":2,"minecraft:crafting_table":1,"minecraft:crossbow":1,"goblinsanddungeons:scoria_bricks":1,"aquamirae:esca":1,"minecraft:apple":14,"minecraft:bread":16,"aquamirae:fin":1,"minecraft:cooked_beef":6,"epicfight:uchigatana":113},"minecraft:mined":{"minecraft:large_amethyst_bud":1,"hexerei:flowering_lily_pad":1,"goblinsanddungeons:scoria_brick_slab":1,"minecraft:grass_block":10,"supplementaries:sack":1,"goblinsanddungeons:scoria_bricks":1,"minecraft:blue_bed":2,"create:blaze_burner":1,"treechop:chopped_log":1,"minecraft:dirt_path":1,"minecraft:dirt":6,"minecraft:packed_ice":1},"minecraft:picked_up":{"minecraft:feather":1,"minecraft:chicken":1,"minecraft:leather":8,"minecraft:enchanted_book":1,"paraglider:spirit_orb":1,"simple_mobs:griffin_feather":4,"aquamirae:abyssal_amethyst":5,"minecraft:shield":1,"aquamirae:sharp_bones":38,"minecraft:blue_bed":2,"minecraft:dirt":23,"aquamirae:fin":2,"hexerei:flowering_lily_pad":2,"simple_mobs:lootbag":1,"minecraft:bone":1,"goblinsanddungeons:scoria_bricks":1,"minecraft:beetroot":3,"minecraft:bow":1,"minecraft:spruce_planks":1,"minecraft:iron_ingot":1,"aquamirae:ship_graveyard_echo":4,"supplementaries:sack":1,"create:empty_blaze_burner":1,"minecraft:spyglass":1,"epicfight:uchigatana":1,"minecraft:spruce_sapling":1,"minecraft:spruce_log":3,"aquamirae:esca":3,"minecraft:prismarine_crystals":11,"minecraft:stone_sword":1,"minecraft:arrow":9,"minecraft:rotten_flesh":8,"minecraft:crossbow":1,"minecraft:emerald":1},"minecraft:dropped":{"minecraft:iron_ingot":2,"minecraft:spyglass":1,"minecraft:feather":1,"minecraft:rotten_flesh":8,"minecraft:leather":8,"minecraft:leather_helmet":2,"minecraft:dirt":10,"minecraft:shield":1,"simple_mobs:griffin_feather":2,"minecraft:spruce_planks":1,"minecraft:leather_boots":1,"aquamirae:sharp_bones":19,"hexerei:flowering_lily_pad":1,"minecraft:spruce_sapling":1,"minecraft:bone":1},"minecraft:killed_by":{"minecraft:vindicator":2,"simple_mobs:rat_small":1,"simple_mobs:gob":1,"simple_mobs:goom":1,"aquamirae:anglerfish":2},"minecraft:crafted":{"minecraft:air":22}},"DataVersion":2975}