{"stats":{"minecraft:killed":{"mimic:mimic":1,"minecraft:pig":2,"minecraft:witch":1,"monsterplus:swamp_zombie":1,"simple_mobs:gobber":1,"simple_mobs:hobgob":1,"simple_mobs:rat_small":1,"simple_mobs:goom":1,"minecraft:vindicator":2,"simple_mobs:weak_ogre":1,"hunterillager:hunterillager":1,"minecraft:zombie":1,"goblinsanddungeons:goom":1,"goblinsanddungeons:garch":3,"aquamirae:anglerfish":1,"simple_mobs:gob":4},"minecraft:used":{"minecraft:leather_leggings":1,"minecraft:stone_sword":76,"minecraft:iron_shovel":272,"minecraft:snow_block":30,"minecraft:spruce_slab":20,"minecraft:spruce_planks":250,"minecraft:torch":4,"minecraft:dirt":5,"minecraft:crafting_table":3,"minecraft:spruce_boat":5,"minecraft:apple":12,"minecraft:iron_axe":80,"minecraft:bread":18,"minecraft:gravel":2,"scattered_weapons:cutlass":64,"minecraft:cooked_beef":12,"minecraft:brown_bed":3},"minecraft:custom":{"lootr:looted_stat":12,"minecraft:mob_kills":27,"minecraft:interact_with_crafting_table":9,"minecraft:open_barrel":2,"minecraft:damage_dealt_resisted":5,"minecraft:leave_game":1,"minecraft:time_since_death":15916,"minecraft:sleep_in_bed":3,"minecraft:climb_one_cm":6178,"minecraft:time_since_rest":10233,"minecraft:waystone_activated":1,"champions:champion_mobs_killed":20,"minecraft:sprint_one_cm":491507,"minecraft:damage_taken":3571,"minecraft:walk_one_cm":578194,"minecraft:drop":39,"minecraft:damage_dealt":5527,"minecraft:swim_one_cm":18926,"minecraft:fly_one_cm":860218,"minecraft:open_chest":12,"minecraft:crouch_one_cm":4893,"minecraft:play_time":96851,"minecraft:deaths":5,"minecraft:sneak_time":1294,"minecraft:walk_under_water_one_cm":10703,"minecraft:boat_one_cm":14039,"minecraft:jump":1829,"minecraft:walk_on_water_one_cm":10490,"minecraft:total_world_time":96851,"minecraft:fall_one_cm":25712},"minecraft:mined":{"untamedwilds:flora_junegrass":2,"minecraft:spruce_planks":34,"minecraft:snow_block":1,"immersive_weathering:spruce_leaf_pile":2,"minecraft:potted_blue_orchid":1,"minecraft:powder_snow":8,"minecraft:crafting_table":2,"minecraft:grass_block":91,"minecraft:spruce_leaves":3,"minecraft:oak_planks":2,"minecraft:large_fern":1,"minecraft:snow":143,"minecraft:ice":1,"minecraft:spruce_log":1,"minecraft:stripped_spruce_log":2,"treechop:chopped_log":5,"minecraft:brown_bed":3,"minecraft:grass":44,"minecraft:dirt":9,"minecraft:gravel":4,"minecraft:packed_ice":1,"minecraft:cobweb":1},"minecraft:broken":{"minecraft:iron_shovel":1,"minecraft:leather_leggings":1},"minecraft:picked_up":{"minecraft:crafting_table":2,"minecraft:leather_chestplate":1,"minecraft:flower_pot":1,"minecraft:tripwire_hook":1,"minecraft:leather_leggings":1,"minecraft:leather":1,"minecraft:brown_bed":3,"minecraft:enchanted_book":1,"paraglider:spirit_orb":1,"minecraft:gunpowder":1,"minecraft:dirt":79,"minecraft:paper":1,"untamedwilds:flora_junegrass":2,"minecraft:activator_rail":3,"minecraft:wheat_seeds":6,"minecraft:spruce_planks":102,"minecraft:beef":2,"minecraft:iron_nugget":1,"minecraft:oak_planks":2,"hexerei:animal_fat":1,"minecraft:stick":10,"apotheosis:gem":2,"minecraft:torch":7,"minecraft:gravel":4,"minecraft:snow_block":3,"minecraft:porkchop":5,"minecraft:stripped_spruce_log":2,"minecraft:spruce_sapling":23,"minecraft:spruce_log":49,"minecraft:redstone":5,"aquamirae:esca":2,"minecraft:leather_helmet":2,"hexerei:sage_seed":4,"minecraft:arrow":13,"minecraft:rotten_flesh":3,"minecraft:sugar":2,"minecraft:beetroot_seeds":15,"create:experience_nugget":3,"minecraft:spruce_boat":3,"create:rose_quartz":1,"minecraft:gold_ingot":3,"minecraft:bread":1,"minecraft:emerald":1,"minecraft:oak_sapling":1,"minecraft:snowball":152,"minecraft:rail":7},"minecraft:dropped":{"minecraft:gravel":2,"minecraft:bread":7,"create:rose_quartz":1,"hexerei:sage_seed":2,"hexerei:animal_fat":1,"minecraft:wheat_seeds":2,"minecraft:rotten_flesh":3,"minecraft:leather":2,"minecraft:apple":8,"minecraft:activator_rail":3,"minecraft:rail":7,"minecraft:leather_helmet":2,"minecraft:filled_map":2,"minecraft:leather_chestplate":1,"minecraft:flower_pot":1,"minecraft:gunpowder":1,"minecraft:torch":7,"minecraft:oak_sapling":1,"minecraft:beef":2,"minecraft:sugar":2,"minecraft:string":2,"minecraft:spruce_sapling":5,"minecraft:gold_ingot":3,"minecraft:redstone":5},"minecraft:killed_by":{"monsterplus:swamp_zombie":1,"minecraft:vindicator":1,"goblinsanddungeons:goblin_king":1,"simple_mobs:bright_elemental":1},"minecraft:crafted":{"sophisticatedbackpacks:backpack":1,"minecraft:air":351}},"DataVersion":2975}