{"stats":{"minecraft:mined":{"minecraft:tuff":6,"minecraft:spruce_planks":41,"untamedwilds:flora_junegrass":2,"minecraft:potted_blue_orchid":1,"minecraft:grass_block":103,"minecraft:spruce_leaves":13,"minecraft:large_fern":1,"minecraft:iron_ore":2,"minecraft:snow":191,"minecraft:andesite":1,"minecraft:stripped_spruce_log":2,"treechop:chopped_log":14,"minecraft:brown_bed":3,"minecraft:packed_ice":1,"minecraft:stone":55,"minecraft:spruce_slab":4,"immersive_weathering:cryosol":1,"minecraft:snow_block":1,"immersive_weathering:spruce_leaf_pile":2,"minecraft:powder_snow":8,"minecraft:torch":1,"minecraft:crafting_table":2,"minecraft:oak_planks":2,"minecraft:wall_torch":5,"minecraft:ice":1,"minecraft:spruce_log":7,"minecraft:grass":47,"minecraft:coal_ore":32,"minecraft:gravel":4,"minecraft:dirt":15,"minecraft:cobweb":1,"immersive_weathering:frosty_grass":1,"minecraft:infested_stone":1},"minecraft:crafted":{"minecraft:cooked_mutton":2,"sophisticatedbackpacks:backpack":1,"minecraft:cooked_porkchop":4,"minecraft:air":648},"minecraft:custom":{"lootr:looted_stat":16,"minecraft:mob_kills":45,"minecraft:interact_with_crafting_table":19,"minecraft:open_barrel":6,"minecraft:damage_dealt_resisted":62,"minecraft:leave_game":2,"minecraft:climb_one_cm":8197,"minecraft:time_since_death":8397,"minecraft:damage_resisted":8,"champions:champion_mobs_killed":32,"minecraft:sprint_one_cm":930461,"minecraft:walk_one_cm":1332802,"minecraft:drop":61,"minecraft:play_time":174007,"minecraft:deaths":28,"minecraft:sneak_time":3962,"minecraft:walk_under_water_one_cm":15407,"minecraft:boat_one_cm":14039,"minecraft:jump":3012,"minecraft:walk_on_water_one_cm":15882,"minecraft:total_world_time":174007,"minecraft:interact_with_furnace":11,"minecraft:sleep_in_bed":3,"minecraft:time_since_rest":8421,"minecraft:waystone_activated":2,"minecraft:damage_taken":9906,"minecraft:damage_dealt":11643,"minecraft:swim_one_cm":22177,"minecraft:fly_one_cm":1228093,"minecraft:open_chest":20,"minecraft:crouch_one_cm":17414,"minecraft:fall_one_cm":45153},"minecraft:picked_up":{"minecraft:crafting_table":2,"minecraft:flower_pot":1,"minecraft:leather_leggings":1,"minecraft:brown_bed":3,"minecraft:enchanted_book":3,"minecraft:shield":1,"minecraft:string":1,"minecraft:activator_rail":3,"minecraft:spruce_planks":109,"minecraft:beef":2,"minecraft:light_gray_wool":1,"minecraft:iron_nugget":1,"minecraft:spruce_slab":4,"minecraft:golden_helmet":1,"minecraft:stick":17,"minecraft:raw_iron":2,"apotheosis:gem":2,"simple_mobs:rat_stomach":1,"minecraft:torch":14,"quark:blossom_log":49,"minecraft:snow_block":3,"minecraft:porkchop":5,"minecraft:redstone":5,"aquamirae:esca":2,"hexerei:sage_seed":4,"minecraft:stone_shovel":1,"minecraft:arrow":14,"minecraft:rotten_flesh":9,"minecraft:beetroot_seeds":15,"create:experience_nugget":3,"minecraft:gold_ingot":3,"minecraft:mutton":2,"bloodandmadness:blood_stone_shard":2,"minecraft:cobblestone":54,"minecraft:rail":7,"minecraft:snowball":202,"minecraft:leather_chestplate":1,"minecraft:tripwire_hook":1,"minecraft:andesite":1,"minecraft:leather":1,"paraglider:spirit_orb":3,"dawncraft:red_key":1,"minecraft:tuff":9,"minecraft:lily_pad":2,"minecraft:gunpowder":1,"minecraft:paper":1,"minecraft:dirt":101,"untamedwilds:flora_junegrass":2,"minecraft:wheat_seeds":6,"minecraft:oak_planks":2,"quark:blue_blossom_sapling":14,"hexerei:animal_fat":1,"paraglider:essence":1,"minecraft:gravel":4,"minecraft:sand":3,"minecraft:stripped_spruce_log":2,"minecraft:spruce_sapling":30,"minecraft:spruce_log":87,"minecraft:leather_helmet":2,"bloodandmadness:bullets/quicksilver_bullet":1,"minecraft:sugar":2,"minecraft:spruce_boat":3,"create:rose_quartz":1,"minecraft:emerald":1,"minecraft:bread":1,"orcz:ironscrap":1,"minecraft:oak_sapling":1,"minecraft:coal":32},"minecraft:used":{"minecraft:stone_sword":76,"minecraft:iron_shovel":272,"minecraft:stone_shovel":63,"minecraft:spruce_slab":163,"minecraft:spruce_planks":259,"dawncraft:red_key":1,"minecraft:torch":31,"minecraft:dirt":101,"minecraft:tuff":3,"minecraft:spruce_boat":5,"quark:spruce_chest":8,"minecraft:iron_axe":183,"minecraft:barrel":4,"minecraft:bow":20,"minecraft:furnace":2,"minecraft:cooked_beef":12,"minecraft:brown_bed":3,"minecraft:leather_leggings":1,"minecraft:snow_block":53,"minecraft:stone_pickaxe":38,"minecraft:wooden_pickaxe":59,"minecraft:crafting_table":3,"minecraft:apple":12,"minecraft:bread":18,"minecraft:gravel":2,"scattered_weapons:cutlass":222,"minecraft:cobblestone":6,"minecraft:cooked_porkchop":5},"minecraft:killed":{"minecraft:witch":1,"monsterplus:swamp_zombie":1,"simple_mobs:hobgob":1,"simple_mobs:rat_small":3,"minecraft:vindicator":2,"minecraft:skeleton":1,"hunterillager:hunterillager":1,"goblinsanddungeons:garch":3,"goblinsanddungeons:goom":1,"bloodandmadness:church_doctor_scythe":1,"minecraft:silverfish":1,"restored_earth:bouldering_zombie":1,"mimic:mimic":1,"minecraft:pig":2,"simple_mobs:gobber":1,"simple_mobs:goom":1,"dannys_expansion:ghoul":2,"simple_mobs:weak_ogre":1,"orcz:orcsavage_2swordiron":1,"minecraft:sheep":2,"minecraft:zombie":3,"aquamirae:anglerfish":1,"simple_mobs:gob":4,"simple_mobs:rat_mid":1},"minecraft:dropped":{"minecraft:bread":7,"create:rose_quartz":1,"minecraft:wheat_seeds":2,"minecraft:leather":2,"minecraft:apple":8,"minecraft:activator_rail":3,"minecraft:rail":7,"minecraft:coal":5,"minecraft:leather_helmet":2,"minecraft:stick":1,"minecraft:torch":8,"minecraft:snowball":2,"minecraft:golden_hoe":2,"minecraft:sugar":2,"minecraft:string":2,"minecraft:spruce_sapling":5,"minecraft:gold_ingot":3,"minecraft:redstone":5,"minecraft:gravel":2,"hexerei:animal_fat":1,"hexerei:sage_seed":2,"minecraft:tuff":6,"minecraft:stone_shovel":1,"minecraft:rotten_flesh":8,"minecraft:light_gray_wool":1,"sophisticatedbackpacks:backpack":1,"minecraft:cooked_mutton":2,"minecraft:golden_shovel":1,"minecraft:filled_map":2,"minecraft:leather_chestplate":1,"minecraft:shield":2,"minecraft:flower_pot":1,"minecraft:gunpowder":1,"minecraft:spruce_planks":1,"minecraft:andesite":1,"minecraft:oak_sapling":1,"minecraft:spruce_slab":7,"minecraft:beef":2,"untamedwilds:flora_junegrass":2},"minecraft:killed_by":{"orcz:orcirongroupleader":5,"simple_mobs:bright_elemental":1,"simple_mobs:rat_mid":1,"orcz:orcsavagegroupleader":3,"alexsmobs:tusklin":2,"alexsmobs:cachalot_whale":1,"monsterplus:swamp_zombie":1,"minecraft:vindicator":1,"simple_mobs:rat_small":1,"goblinsanddungeons:goblin_king":1,"majruszsdifficulty:cursed_armor":3,"mowziesmobs:frostmaw":3,"bloodandmadness:church_doctor_pistol":1,"bloodandmadness:silverbeast":2},"minecraft:broken":{"minecraft:golden_helmet":1,"minecraft:iron_shovel":1,"minecraft:leather_leggings":1,"minecraft:leather_chestplate":1,"minecraft:wooden_pickaxe":1,"minecraft:leather_boots":1}},"DataVersion":2975}