{"stats":{"minecraft:mined":{"minecraft:spruce_planks":38,"untamedwilds:flora_junegrass":1,"minecraft:grass_block":2,"minecraft:spruce_leaves":1,"treechop:chopped_log":4,"minecraft:anvil":1,"minecraft:packed_ice":2,"minecraft:stone":26,"immersive_weathering:spruce_leaf_pile":6,"ecologics:thin_ice":1,"minecraft:powder_snow":1,"minecraft:torch":2,"untamedwilds:flora_bush_temperate":1,"minecraft:cobblestone":8,"minecraft:sugar_cane":3,"minecraft:wall_torch":1,"minecraft:blue_bed":1,"minecraft:seagrass":1,"minecraft:grass":10,"minecraft:coal_ore":30,"minecraft:oak_log":1,"quark:spruce_chest":1,"minecraft:fern":1},"minecraft:crafted":{"simple_mobs:bundled_emerald":1,"minecraft:furnace":1,"minecraft:cooked_beef":3,"minecraft:cooked_porkchop":3,"minecraft:crafting_table":1,"minecraft:air":535,"minecraft:iron_ingot":26,"ef_weapon_extended:diamond_knuckles":2},"minecraft:custom":{"lootr:looted_stat":17,"minecraft:mob_kills":37,"minecraft:interact_with_crafting_table":28,"minecraft:open_barrel":5,"minecraft:bell_ring":4,"minecraft:damage_dealt_resisted":94,"minecraft:leave_game":2,"minecraft:time_since_death":0,"minecraft:climb_one_cm":7166,"minecraft:damage_resisted":199,"minecraft:sprint_one_cm":624476,"champions:champion_mobs_killed":32,"minecraft:walk_one_cm":1340009,"minecraft:drop":40,"minecraft:damage_dealt_absorbed":579,"minecraft:play_time":158890,"minecraft:deaths":19,"minecraft:sneak_time":1386,"minecraft:walk_under_water_one_cm":19519,"minecraft:boat_one_cm":31615,"minecraft:jump":3201,"minecraft:walk_on_water_one_cm":15401,"minecraft:total_world_time":158890,"minecraft:interact_with_furnace":15,"minecraft:sleep_in_bed":6,"minecraft:time_since_rest":17,"minecraft:waystone_activated":2,"minecraft:damage_absorbed":138,"minecraft:damage_taken":9732,"minecraft:damage_dealt":13500,"minecraft:swim_one_cm":16046,"minecraft:fly_one_cm":1432077,"minecraft:open_chest":70,"minecraft:crouch_one_cm":15101,"minecraft:fall_one_cm":53203},"minecraft:picked_up":{"dawncraft:crystallized_xp":1,"minecraft:anvil":1,"minecraft:chicken":1,"minecraft:flower_pot":1,"minecraft:brown_mushroom":2,"minecraft:enchanted_book":2,"minecraft:shield":1,"minecraft:string":4,"minecraft:blue_orchid":1,"bloodandmadness:blood_vial":2,"quark:spruce_chest":1,"minecraft:spruce_planks":36,"minecraft:beef":4,"minecraft:light_gray_wool":1,"minecraft:sugar_cane":14,"bloodandmadness:pure_quicksilver":1,"minecraft:golden_helmet":3,"minecraft:stick":21,"apotheosis:gem":1,"minecraft:torch":2,"minecraft:bowl":1,"minecraft:porkchop":10,"minecraft:trident":1,"dannys_expansion:ice_shard":1,"aquamirae:esca":1,"minecraft:prismarine_crystals":1,"bloodandmadness:beastblood_clump":4,"goblinsanddungeons:goblin_crown":2,"hexerei:sage_seed":3,"minecraft:arrow":11,"minecraft:rotten_flesh":20,"minecraft:beetroot_seeds":10,"mowziesmobs:ice_crystal":1,"bloodandmadness:blood_stone_shard":3,"minecraft:white_wool":1,"minecraft:snowball":1,"minecraft:cobblestone":35,"minecraft:air":0,"minecraft:leather":14,"minecraft:brown_wool":10,"minecraft:flint":8,"paraglider:spirit_orb":1,"minecraft:crimson_fungus":35,"minecraft:oak_log":1,"minecraft:lily_pad":2,"minecraft:golden_boots":1,"minecraft:gunpowder":2,"minecraft:lapis_lazuli":10,"minecraft:paper":2,"minecraft:dirt":11,"minecraft:blue_bed":1,"aquamirae:fin":3,"untamedwilds:flora_junegrass":3,"minecraft:bone":15,"untamedwilds:material_fat":11,"minecraft:wheat_seeds":2,"goblinsanddungeons:scoria_brick_slab":1,"minecraft:iron_ingot":8,"minecraft:stone_pickaxe":1,"endrem:cold_eye":2,"hexerei:animal_fat":2,"paraglider:essence":1,"minecraft:spruce_sapling":45,"minecraft:spruce_log":238,"bloodandmadness:bullets/quicksilver_bullet":1,"minecraft:spruce_boat":3,"minecraft:emerald":3,"minecraft:bread":7,"minecraft:coal":35},"minecraft:used":{"minecraft:spruce_planks":423,"minecraft:rotten_flesh":4,"minecraft:torch":1,"minecraft:dirt":4,"minecraft:spyglass":6,"minecraft:spruce_boat":4,"quark:spruce_chest":7,"minecraft:iron_axe":91,"epicfight:glove":219,"immersive_weathering:enchanted_golden_moss_clump":1,"minecraft:bow":56,"minecraft:beef":3,"minecraft:furnace":1,"untamedwilds:material_fat":11,"minecraft:cooked_beef":14,"minecraft:beetroot_soup":3,"minecraft:spruce_door":3,"minecraft:stone_pickaxe":53,"untamedwilds:flora_junegrass":1,"endrem:cold_eye":1,"minecraft:wooden_pickaxe":13,"minecraft:blue_bed":1,"minecraft:cookie":1,"minecraft:golden_apple":2,"farmersdelight:onion":4,"minecraft:crafting_table":2,"minecraft:cod":1,"goblinsanddungeons:scoria_brick_slab":1,"minecraft:flower_pot":1,"minecraft:apple":25,"minecraft:bread":17,"ef_weapon_extended:diamond_knuckles":319,"scattered_weapons:cutlass":1,"minecraft:crimson_fungus":4,"minecraft:cobblestone":10,"minecraft:porkchop":6,"minecraft:cooked_porkchop":1,"minecraft:experience_bottle":1},"minecraft:killed":{"bloodandmadness:church_doctor":1,"monsterplus:swamp_zombie":3,"simple_mobs:bright_elemental":1,"simple_mobs:rat_small":2,"aquamirae:maze_mother":1,"minecraft:vindicator":3,"minecraft:spider":2,"creeperoverhaul:snowy_creeper":1,"minecraft:skeleton":1,"minecraft:guardian":1,"bloodandmadness:brainsucker":1,"dannys_expansion:ice_elemental":1,"untamedwilds:camel":3,"goblinsanddungeons:goom":1,"alexsmobs:tusklin":1,"bloodandmadness:silverbeast":1,"minecraft:pig":3,"untamedwilds:boar":1,"minecraft:creeper":1,"minecraft:pillager":6,"minecraft:zombie":6,"aquamirae:anglerfish":1,"untamedwilds:bison":3,"bloodandmadness:church_doctor_crucifix":1,"simple_mobs:gob":1},"minecraft:dropped":{"minecraft:bread":1,"bloodandmadness:bullets/quicksilver_bullet":1,"create:rose_quartz":1,"minecraft:brown_mushroom":2,"minecraft:wheat_seeds":1,"minecraft:golden_helmet":2,"minecraft:leather":1,"minecraft:flint":4,"minecraft:dirt":4,"minecraft:torch":1,"minecraft:snowball":1,"minecraft:paper":4,"minecraft:string":9,"minecraft:spruce_sapling":13,"goblinsanddungeons:goblin_crown":1,"minecraft:crimson_fungus":34,"hexerei:sage_seed":2,"minecraft:sugar_cane":7,"epicfight:uchigatana":1,"minecraft:bowl":1,"minecraft:chicken":1,"minecraft:rotten_flesh":3,"create:experience_nugget":3,"minecraft:shield":1,"minecraft:iron_chestplate":1,"aquamirae:esca":1,"minecraft:beetroot_seeds":15,"minecraft:spruce_log":9,"minecraft:stone_pickaxe":1,"untamedwilds:flora_junegrass":2},"minecraft:killed_by":{"orcz:orcirongroupleader":2,"untamedwilds:bison":1,"orcz:orcsavagegroupleader":1,"alexsmobs:tusklin":1,"bloodandmadness:church_doctor_crucifix":1,"monsterplus:swamp_zombie":1,"goblinsanddungeons:goblin_king":2,"minecraft:zombie":3,"simple_mobs:gob":1,"majruszsdifficulty:cursed_armor":1,"mowziesmobs:frostmaw":2},"minecraft:broken":{"minecraft:golden_helmet":1,"minecraft:iron_boots":1,"minecraft:iron_leggings":1}},"DataVersion":2975}