{"stats":{"minecraft:killed":{"monsterplus:swamp_zombie":3,"simple_mobs:bright_elemental":1,"aquamirae:maze_mother":1,"minecraft:spider":1,"minecraft:vindicator":3,"minecraft:creeper":1,"minecraft:skeleton":1,"minecraft:pillager":6,"minecraft:zombie":1,"goblinsanddungeons:goom":1,"simple_mobs:gob":1},"minecraft:used":{"minecraft:spruce_planks":419,"minecraft:rotten_flesh":2,"minecraft:cookie":1,"farmersdelight:onion":4,"minecraft:dirt":4,"minecraft:spyglass":6,"minecraft:crafting_table":2,"minecraft:cod":1,"goblinsanddungeons:scoria_brick_slab":1,"minecraft:flower_pot":1,"minecraft:apple":25,"quark:spruce_chest":7,"minecraft:iron_axe":91,"minecraft:bread":15,"epicfight:glove":219,"scattered_weapons:cutlass":1,"minecraft:bow":54,"minecraft:porkchop":1,"minecraft:cooked_beef":11,"minecraft:beetroot_soup":3,"minecraft:experience_bottle":1},"minecraft:custom":{"lootr:looted_stat":14,"minecraft:mob_kills":16,"minecraft:interact_with_crafting_table":9,"minecraft:open_barrel":5,"minecraft:bell_ring":1,"minecraft:leave_game":1,"minecraft:time_since_death":27312,"minecraft:sleep_in_bed":5,"minecraft:damage_resisted":179,"minecraft:climb_one_cm":5686,"minecraft:time_since_rest":23879,"minecraft:waystone_activated":1,"champions:champion_mobs_killed":20,"minecraft:sprint_one_cm":296539,"minecraft:walk_one_cm":689417,"minecraft:damage_taken":4374,"minecraft:drop":21,"minecraft:damage_dealt":4726,"minecraft:swim_one_cm":6882,"minecraft:fly_one_cm":863954,"minecraft:open_chest":13,"minecraft:crouch_one_cm":11875,"minecraft:play_time":84878,"minecraft:deaths":5,"minecraft:sneak_time":993,"minecraft:walk_under_water_one_cm":5379,"minecraft:boat_one_cm":30313,"minecraft:jump":1900,"minecraft:walk_on_water_one_cm":10319,"minecraft:total_world_time":84878,"minecraft:fall_one_cm":25807},"minecraft:mined":{"minecraft:spruce_planks":38,"immersive_weathering:spruce_leaf_pile":6,"ecologics:thin_ice":1,"untamedwilds:flora_bush_temperate":1,"minecraft:grass_block":2,"minecraft:sugar_cane":3,"minecraft:seagrass":1,"treechop:chopped_log":4,"minecraft:grass":4,"minecraft:oak_log":1,"quark:spruce_chest":1,"minecraft:packed_ice":2,"minecraft:fern":1},"minecraft:picked_up":{"dawncraft:crystallized_xp":1,"minecraft:chicken":1,"minecraft:flower_pot":1,"minecraft:enchanted_book":1,"paraglider:spirit_orb":1,"minecraft:oak_log":1,"minecraft:shield":1,"minecraft:gunpowder":2,"minecraft:string":3,"minecraft:dirt":9,"minecraft:paper":2,"minecraft:blue_orchid":1,"quark:spruce_chest":1,"goblinsanddungeons:scoria_brick_slab":1,"minecraft:spruce_planks":36,"minecraft:sugar_cane":14,"minecraft:stick":21,"apotheosis:gem":1,"minecraft:bowl":1,"minecraft:porkchop":2,"minecraft:spruce_sapling":32,"minecraft:spruce_log":229,"goblinsanddungeons:goblin_crown":1,"minecraft:arrow":11,"minecraft:rotten_flesh":11,"minecraft:beetroot_seeds":10,"minecraft:bread":7,"minecraft:emerald":3,"minecraft:snowball":1},"minecraft:dropped":{"minecraft:bread":1,"create:rose_quartz":1,"minecraft:crimson_fungus":3,"minecraft:sugar_cane":7,"epicfight:uchigatana":1,"minecraft:bowl":1,"minecraft:chicken":1,"minecraft:rotten_flesh":3,"minecraft:leather":1,"create:experience_nugget":3,"minecraft:dirt":4,"minecraft:shield":1,"aquamirae:esca":1,"minecraft:beetroot_seeds":15,"minecraft:snowball":1,"minecraft:paper":4,"minecraft:string":8},"minecraft:killed_by":{"monsterplus:swamp_zombie":1,"goblinsanddungeons:goblin_king":2,"minecraft:zombie":1,"simple_mobs:gob":1},"minecraft:crafted":{"minecraft:crafting_table":1,"simple_mobs:bundled_emerald":1,"minecraft:air":526}},"DataVersion":2975}